User Input,Chatbot Response,Timestamp
Hi,Nothing much,2024-12-04 20:08:44
How is the weather,"I'm fine, thank you",2024-12-04 20:09:00
what is the weather,My purpose is to assist you,2024-12-04 20:09:15
hi,Nothing much,2024-12-04 20:10:23
Hello,Hi there,2024-12-04 20:12:34
Tell me about food,"As a chatbot, I don't eat, but I'm here to help with any questions you have about food!",2024-12-06 20:50:18
What's the time,"I'm sorry, but I don't have access to real-time information like the current time.",2024-12-06 20:51:18
Suggest some places to visit in Andhra Pradesh,"Gandikota Fort - Built on the banks of river Penna comprises Madhavaraya and Ranganatha temples. This area resembles the Grand Canyon of Arizona state, so also called as Grand Canyon of India.",2024-12-07 14:11:06
Suggest some places to travel in Andhra Pradesh,"Gandikota Fort - Built on the banks of river Penna comprises Madhavaraya and Ranganatha temples. This area resembles the Grand Canyon of Arizona state, so also called as Grand Canyon of India.",2024-12-07 19:46:18
Suggest places to travel in Andhra Pradesh,"Gandikota Fort - Built on the banks of river Penna comprises Madhavaraya and Ranganatha temples. This area resembles the Grand Canyon of Arizona state, so also called as Grand Canyon of India.",2024-12-07 19:46:51
Suggest places to visit in Andhra Pradesh,Araku Valley- Known as Andhra's Ooty near to Vizag City known for its coffee planation.,2024-12-07 19:47:02
Suggest places to visit in Andhra Pradesh,"1) Araku Valley- Known as Andhra's Ooty near to Vizag City known for its coffee planation. 2) Undavalli Caves - A four-storied monolithic cave those were carved out from a hill during 4th century A.D. 3) Gandikota Fort - Built on the banks of river Penna comprises Madhavaraya and Ranganatha temples. This area resembles the Grand Canyon of Arizona state, so also called as Grand Canyon of India.",2024-12-07 19:50:27
Suggest places to visit in Andhra Pradesh,"1) Araku Valley- Known as Andhra's Ooty near to Vizag City known for its coffee planation. 2) Undavalli Caves - A four-storied monolithic cave those were carved out from a hill during 4th century A.D. 3) Gandikota Fort - Built on the banks of river Penna comprises Madhavaraya and Ranganatha temples. This area resembles the Grand Canyon of Arizona state, so also called as Grand Canyon of India.",2024-12-07 19:51:18
Suggest places to visit in Andhra Pradesh,"1) Araku Valley- Known as Andhra's Ooty near to Vizag City known for its coffee planation. 
 2) Undavalli Caves - A four-storied monolithic cave those were carved out from a hill during 4th century A.D. 3) Gandikota Fort - Built on the banks of river Penna comprises Madhavaraya and Ranganatha temples. This area resembles the Grand Canyon of Arizona state, so also called as Grand Canyon of India.",2024-12-07 19:53:08
Suggest places to visit in Andhra Pradesh,"1) Araku Valley- Known as Andhra's Ooty near to Vizag City known for its coffee planation. 
2) Undavalli Caves - A four-storied monolithic cave those were carved out from a hill during 4th century A.D. 
3) Gandikota Fort - Built on the banks of river Penna comprises Madhavaraya and Ranganatha temples. This area resembles the Grand Canyon of Arizona state, so also called as Grand Canyon of India.",2024-12-07 19:55:14
Suggest places to visit in Andhra Pradesh,"1) Araku Valley- Known as Andhra's Ooty near to Vizag City known for its coffee planation. 
2) Undavalli Caves - A four-storied monolithic cave those were carved out from a hill during 4th century A.D. 
3) Gandikota Fort - Built on the banks of river Penna comprises Madhavaraya and Ranganatha temples. This area resembles the Grand Canyon of Arizona state, so also called as Grand Canyon of India.",2024-12-07 20:06:02
suggest some famous places to visit in South India,"1)Tamil Nadu: Meenakshi Temple, Madurai
2)Kerala: Alleppey Backwaters
3)Karnataka: Hampi
4)Andhra Pradesh: Tirupati Balaji Temple
5)Telangana: Charminar, Hyderabad",2024-12-08 20:23:12
Suggest most famous places to visit in Andhra Pradesh,"Andhra Pradesh, known for its rich cultural heritage, ancient temples, scenic landscapes, and vibrant traditions, offers a variety of attractions. Here are the most famous places to visit in Andhra Pradesh:

1)Tirupati
Highlight: Sri Venkateswara Temple (Tirumala), Known as one of the most visited pilgrimage sites in the world, this temple dedicated to Lord Venkateswara is a spiritual and architectural marvel.
2)Visakhapatnam (Vizag)
Highlight: Araku Valley and Borra Caves, Araku Valley is a serene hill station with lush coffee plantations, while Borra Caves are known for their stalactite and stalagmite formations.
3)Amaravati
Highlight: Amaravati Stupa, This ancient Buddhist site showcases rich history and architectural brilliance from the Satavahana era.
4)Vijayawada
Highlight: Kanaka Durga Temple, Perched on Indrakeeladri Hill, this temple is a major spiritual center dedicated to Goddess Durga.
5)Lepakshi
Highlight: Veerabhadra Temple, Famous for its exquisite Vijayanagara-style architecture and the massive monolithic Nandi (bull statue).
6)Srikalahasti
Highlight: Srikalahasteeswara Temple, A renowned Shiva temple and one of the Panchabhoota Sthalams, representing the element of air.
7)Ahobilam
Highlight: Narasimha Swamy Temples, A sacred site with nine temples dedicated to Lord Narasimha, nestled amidst lush forests and hills.
8)Nellore
Highlight: Pulicat Lake, A serene spot famous for birdwatching, especially flamingos during the migratory season.
9)Rajahmundry
Highlight: Godavari River and Papi Hills, Offers scenic boat rides along the Godavari and picturesque landscapes of the Papi Hills.
10)Guntur
Highlight: Undavalli Caves, Ancient rock-cut caves known for their intricate carvings and Buddhist relics.

Each of these places reflects Andhra Pradesh's unique blend of spirituality, history, and natural beauty.",2024-12-08 20:47:55
places to visit in Arunachal Pradesh,"Arunachal Pradesh, the land of the rising sun, is known for its pristine landscapes, vibrant culture, and serene monasteries. Here are the most famous places to visit in Arunachal Pradesh:

1) Tawang
Highlight: Tawang Monastery, The largest monastery in India, known for its spiritual significance and stunning views.
2) Ziro Valley
Highlight: Scenic Beauty and Apatani Tribe, Famous for its lush paddy fields and unique tribal culture.
3) Bomdila
Highlight: Bomdila Monastery, A serene spot offering panoramic views of the Himalayas.
4) Itanagar
Highlight: Ita Fort, A historical site built in the 14th century, showcasing ancient architecture.
5) Namdapha National Park
Highlight: Biodiversity, Known for its exotic flora and fauna, including tigers, leopards, and red pandas.
6) Pasighat
Highlight: Siang River and Rafting, Offers adventure activities and scenic beauty.
7) Sela Pass
Highlight: Scenic Mountain Pass, A breathtaking pass with crystal-clear Sela Lake surrounded by snow-clad mountains.
8) Dirang
Highlight: Hot Water Springs, Known for its natural hot springs and pleasant climate.

Arunachal Pradesh is a treasure trove of natural beauty and cultural heritage.",2024-12-08 21:20:34
Sugeest most famous places to visit in West Bengal,"West Bengal, a state rich in cultural heritage and natural beauty, offers several iconic attractions. Here are the most famous places to visit in West Bengal:

1) Kolkata: The cultural capital, known for Victoria Memorial and Howrah Bridge.
2) Darjeeling: A picturesque hill station famous for tea gardens and the toy train.
3) Sundarbans: A UNESCO World Heritage site and home to the Bengal Tiger.
4) Shantiniketan: Founded by Rabindranath Tagore, known for its cultural significance.
5) Kalimpong: A serene hill station with stunning views and monasteries.

Continue Looking For More Places. HAPPY HOPPING!!",2024-12-09 14:49:14
Suggest most famous places to visit in West Bengal,"West Bengal, a state rich in cultural heritage and natural beauty, offers several iconic attractions. Here are the most famous places to visit in West Bengal:

1) Kolkata: The cultural capital, known for Victoria Memorial and Howrah Bridge.
2) Darjeeling: A picturesque hill station famous for tea gardens and the toy train.
3) Sundarbans: A UNESCO World Heritage site and home to the Bengal Tiger.
4) Shantiniketan: Founded by Rabindranath Tagore, known for its cultural significance.
5) Kalimpong: A serene hill station with stunning views and monasteries.

Continue Looking For More Places. HAPPY HOPPING!!",2024-12-09 14:49:24
Suggest most famous places to visit in West Bengal,"West Bengal, a state rich in cultural heritage and natural beauty, offers several iconic attractions. Here are the most famous places to visit in West Bengal:

1) Kolkata: The cultural capital, known for Victoria Memorial and Howrah Bridge.
2) Darjeeling: A picturesque hill station famous for tea gardens and the toy train.
3) Sundarbans: A UNESCO World Heritage site and home to the Bengal Tiger.
4) Shantiniketan: Founded by Rabindranath Tagore, known for its cultural significance.
5) Kalimpong: A serene hill station with stunning views and monasteries.

Continue Looking For More Places. HAPPY HOPPING!!",2024-12-09 15:18:30
